"path","tracked_state","worktree_state","exists","size_bytes","mtime_utc","age_days","class","proposed_action","reason"
".gitignore","tracked","modified","True","993","2026-03-13T05:26:59Z","1.44","unknown","keep_review","Conservative default: requires explicit review before any apply."
".sop_config.yaml","untracked","clean_or_untracked","True","278","2026-03-12T17:31:10Z","1.94","unknown","keep_review","Conservative default: requires explicit review before any apply."
"benchmark/baselines/anthropic_claude-opus-4-6_sql_accuracy_baseline.json","untracked","clean_or_untracked","True","1034","2026-03-12T09:13:40Z","2.28","benchmark_material","keep_review","Potentially source or result set; requires explicit owner decision."
"benchmark/README.md","untracked","clean_or_untracked","True","953","2026-03-12T09:15:11Z","2.28","benchmark_material","keep_review","Potentially source or result set; requires explicit owner decision."
"benchmark/results/sql_accuracy_run1.json","untracked","clean_or_untracked","True","38929","2026-03-12T09:12:48Z","2.28","benchmark_material","keep_review","Potentially source or result set; requires explicit owner decision."
"benchmark/results/sql_accuracy_run2.json","untracked","clean_or_untracked","True","38927","2026-03-12T09:13:11Z","2.28","benchmark_material","keep_review","Potentially source or result set; requires explicit owner decision."
"benchmark/results/sql_accuracy_run3.json","untracked","clean_or_untracked","True","38160","2026-03-12T09:13:39Z","2.28","benchmark_material","keep_review","Potentially source or result set; requires explicit owner decision."
"benchmark/subagent_routing_matrix.yaml","untracked","clean_or_untracked","True","2968","2026-03-13T17:29:54Z","0.94","benchmark_material","keep_review","Potentially source or result set; requires explicit owner decision."
"benchmark/suites/sql_accuracy.yaml","untracked","clean_or_untracked","True","2660","2026-03-12T09:07:53Z","2.28","benchmark_material","keep_review","Potentially source or result set; requires explicit owner decision."
"docs/archive/legacy_quant_runbook.md","untracked","clean_or_untracked","True","11091","2026-03-13T04:36:52Z","1.47","archive_material","keep","Archive namespace; preserve by default."
"docs/ARTIFACT_POLICY.md","tracked","modified","True","9886","2026-03-13T05:14:03Z","1.45","unknown","keep_review","Conservative default: requires explicit review before any apply."
"docs/context/auditor_calibration_report.json","tracked","modified","True","1874","2026-03-13T10:24:34Z","1.23","context_generated_or_runtime","keep_review","Context runtime artifact; requires policy-specific decision before apply."
"docs/context/auditor_calibration_report.md","tracked","modified","True","1088","2026-03-13T10:24:34Z","1.23","context_generated_or_runtime","keep_review","Context runtime artifact; requires policy-specific decision before apply."
"docs/context/auditor_findings.json","tracked","modified","True","3267","2026-03-11T11:30:22Z","3.19","context_generated_or_runtime","keep_review","Context runtime artifact; requires policy-specific decision before apply."
"docs/context/auditor_fp_ledger.json","tracked","modified","True","17702","2026-03-11T11:38:45Z","3.18","context_generated_or_runtime","keep_review","Context runtime artifact; requires policy-specific decision before apply."
"docs/context/auditor_promotion_dossier.json","tracked","modified","True","2503","2026-03-13T10:24:34Z","1.23","context_generated_or_runtime","keep_review","Context runtime artifact; requires policy-specific decision before apply."
"docs/context/auditor_promotion_dossier.md","tracked","modified","True","1461","2026-03-13T10:24:34Z","1.23","context_generated_or_runtime","keep_review","Context runtime artifact; requires policy-specific decision before apply."
"docs/context/ceo_bridge_digest.md","tracked","modified","True","12241","2026-03-11T11:30:22Z","3.19","context_generated_or_runtime","keep_review","Context runtime artifact; requires policy-specific decision before apply."
"docs/context/ceo_go_signal.md","tracked","modified","True","886","2026-03-13T10:24:34Z","1.23","context_generated_or_runtime","keep_review","Context runtime artifact; requires policy-specific decision before apply."
"docs/context/current_context.json","tracked","modified","True","2823","2026-03-11T11:30:18Z","3.19","context_generated_or_runtime","keep_review","Context runtime artifact; requires policy-specific decision before apply."
"docs/context/current_context.md","tracked","modified","True","2330","2026-03-11T11:30:18Z","3.19","context_generated_or_runtime","keep_review","Context runtime artifact; requires policy-specific decision before apply."
"docs/context/phase_end_logs/20260301_215443_G01_context_build.log","tracked","clean_or_untracked","True","231","2026-03-01T13:54:43Z","13.09","phase_end_log","keep","Within locked retention window (30 days) for intentional historical logs."
"docs/context/phase_end_logs/20260301_215443_G02_context_validate.log","tracked","clean_or_untracked","True","245","2026-03-01T13:54:44Z","13.09","phase_end_log","keep","Within locked retention window (30 days) for intentional historical logs."
"docs/context/phase_end_logs/20260301_215443_G03_worker_status_aggregate.log","tracked","clean_or_untracked","True","415","2026-03-01T13:54:44Z","13.09","phase_end_log","keep","Within locked retention window (30 days) for intentional historical logs."
"docs/context/phase_end_logs/20260301_215712_G01_context_build.log","tracked","clean_or_untracked","True","231","2026-03-01T13:57:13Z","13.08","phase_end_log","keep","Within locked retention window (30 days) for intentional historical logs."
"docs/context/phase_end_logs/20260301_215712_G02_context_validate.log","tracked","clean_or_untracked","True","245","2026-03-01T13:57:13Z","13.08","phase_end_log","keep","Within locked retention window (30 days) for intentional historical logs."
"docs/context/phase_end_logs/20260301_215712_G03_worker_status_aggregate.log","tracked","clean_or_untracked","True","415","2026-03-01T13:57:13Z","13.08","phase_end_log","keep","Within locked retention window (30 days) for intentional historical logs."
"docs/context/phase_end_logs/20260301_215752_G01_context_build.log","tracked","clean_or_untracked","True","294","2026-03-01T13:57:53Z","13.08","phase_end_log","keep","Within locked retention window (30 days) for intentional historical logs."
"docs/context/phase_end_logs/20260301_215752_G02_context_validate.log","tracked","clean_or_untracked","True","308","2026-03-01T13:57:53Z","13.08","phase_end_log","keep","Within locked retention window (30 days) for intentional historical logs."
"docs/context/phase_end_logs/20260301_215752_G03_worker_status_aggregate.log","tracked","clean_or_untracked","True","478","2026-03-01T13:57:53Z","13.08","phase_end_log","keep","Within locked retention window (30 days) for intentional historical logs."
"docs/context/phase_end_logs/20260302_011624_G01_context_build.log","tracked","clean_or_untracked","True","291","2026-03-01T17:16:24Z","12.95","phase_end_log","keep","Within locked retention window (30 days) for intentional historical logs."
"docs/context/phase_end_logs/20260302_011624_G02_context_validate.log","tracked","clean_or_untracked","True","305","2026-03-01T17:16:24Z","12.95","phase_end_log","keep","Within locked retention window (30 days) for intentional historical logs."
"docs/context/phase_end_logs/20260302_011624_G03_worker_status_aggregate.log","tracked","clean_or_untracked","True","475","2026-03-01T17:16:25Z","12.95","phase_end_log","keep","Within locked retention window (30 days) for intentional historical logs."
"docs/context/phase_end_logs/20260302_011715_G01_context_build.log","tracked","clean_or_untracked","True","291","2026-03-01T17:17:16Z","12.94","phase_end_log","keep","Within locked retention window (30 days) for intentional historical logs."
"docs/context/phase_end_logs/20260302_011715_G02_context_validate.log","tracked","clean_or_untracked","True","305","2026-03-01T17:17:16Z","12.94","phase_end_log","keep","Within locked retention window (30 days) for intentional historical logs."
"docs/context/phase_end_logs/20260302_011715_G03_worker_status_aggregate.log","tracked","clean_or_untracked","True","480","2026-03-01T17:17:16Z","12.94","phase_end_log","keep","Within locked retention window (30 days) for intentional historical logs."
"docs/context/phase_end_logs/20260302_011715_G04_traceability_gate.log","tracked","clean_or_untracked","True","350","2026-03-01T17:17:16Z","12.94","phase_end_log","keep","Within locked retention window (30 days) for intentional historical logs."
"docs/context/phase_end_logs/20260302_011715_G05_evidence_hash_gate.log","tracked","clean_or_untracked","True","406","2026-03-01T17:17:16Z","12.94","phase_end_log","keep","Within locked retention window (30 days) for intentional historical logs."
"docs/context/phase_end_logs/20260302_011715_G06_worker_reply_gate.log","tracked","clean_or_untracked","True","406","2026-03-01T17:17:16Z","12.94","phase_end_log","keep","Within locked retention window (30 days) for intentional historical logs."
"docs/context/phase_end_logs/20260302_011715_G07_orphan_change_gate.log","tracked","clean_or_untracked","True","482","2026-03-01T17:17:16Z","12.94","phase_end_log","keep","Within locked retention window (30 days) for intentional historical logs."
"docs/context/phase_end_logs/20260302_011715_G08_dispatch_lifecycle_gate.log","tracked","clean_or_untracked","True","408","2026-03-01T17:17:16Z","12.94","phase_end_log","keep","Within locked retention window (30 days) for intentional historical logs."
"docs/context/phase_end_logs/20260302_011715_G09_build_ceo_digest.log","tracked","clean_or_untracked","True","616","2026-03-01T17:17:16Z","12.94","phase_end_log","keep","Within locked retention window (30 days) for intentional historical logs."
"docs/context/phase_end_logs/20260302_011715_G10_digest_freshness_gate.log","tracked","clean_or_untracked","True","351","2026-03-01T17:17:16Z","12.94","phase_end_log","keep","Within locked retention window (30 days) for intentional historical logs."
"docs/context/phase_end_logs/20260302_011840_G01_context_build.log","tracked","clean_or_untracked","True","291","2026-03-01T17:18:40Z","12.94","phase_end_log","keep","Within locked retention window (30 days) for intentional historical logs."
"docs/context/phase_end_logs/20260302_011840_G02_context_validate.log","tracked","clean_or_untracked","True","305","2026-03-01T17:18:41Z","12.94","phase_end_log","keep","Within locked retention window (30 days) for intentional historical logs."
"docs/context/phase_end_logs/20260302_011840_G03_worker_status_aggregate.log","tracked","clean_or_untracked","True","480","2026-03-01T17:18:41Z","12.94","phase_end_log","keep","Within locked retention window (30 days) for intentional historical logs."
"docs/context/phase_end_logs/20260302_011840_G04_traceability_gate.log","tracked","clean_or_untracked","True","350","2026-03-01T17:18:41Z","12.94","phase_end_log","keep","Within locked retention window (30 days) for intentional historical logs."
"docs/context/phase_end_logs/20260302_011840_G05_evidence_hash_gate.log","tracked","clean_or_untracked","True","406","2026-03-01T17:18:41Z","12.94","phase_end_log","keep","Within locked retention window (30 days) for intentional historical logs."
"docs/context/phase_end_logs/20260302_011840_G06_worker_reply_gate.log","tracked","clean_or_untracked","True","406","2026-03-01T17:18:41Z","12.94","phase_end_log","keep","Within locked retention window (30 days) for intentional historical logs."
"docs/context/phase_end_logs/20260302_011840_G07_orphan_change_gate.log","tracked","clean_or_untracked","True","482","2026-03-01T17:18:41Z","12.94","phase_end_log","keep","Within locked retention window (30 days) for intentional historical logs."
"docs/context/phase_end_logs/20260302_011840_G08_dispatch_lifecycle_gate.log","tracked","clean_or_untracked","True","408","2026-03-01T17:18:41Z","12.94","phase_end_log","keep","Within locked retention window (30 days) for intentional historical logs."
"docs/context/phase_end_logs/20260302_011840_G09_build_ceo_digest.log","tracked","clean_or_untracked","True","616","2026-03-01T17:18:41Z","12.94","phase_end_log","keep","Within locked retention window (30 days) for intentional historical logs."
"docs/context/phase_end_logs/20260302_011840_G10_digest_freshness_gate.log","tracked","clean_or_untracked","True","351","2026-03-01T17:18:41Z","12.94","phase_end_log","keep","Within locked retention window (30 days) for intentional historical logs."
"docs/context/phase_end_logs/20260302_013111_G01_context_build.log","tracked","clean_or_untracked","True","291","2026-03-01T17:31:12Z","12.94","phase_end_log","keep","Within locked retention window (30 days) for intentional historical logs."
"docs/context/phase_end_logs/20260302_013111_G02_context_validate.log","tracked","clean_or_untracked","True","305","2026-03-01T17:31:12Z","12.94","phase_end_log","keep","Within locked retention window (30 days) for intentional historical logs."
"docs/context/phase_end_logs/20260302_013111_G03_worker_status_aggregate.log","tracked","clean_or_untracked","True","480","2026-03-01T17:31:12Z","12.94","phase_end_log","keep","Within locked retention window (30 days) for intentional historical logs."
"docs/context/phase_end_logs/20260302_013111_G04_traceability_gate.log","tracked","clean_or_untracked","True","350","2026-03-01T17:31:12Z","12.94","phase_end_log","keep","Within locked retention window (30 days) for intentional historical logs."
"docs/context/phase_end_logs/20260302_013111_G05_evidence_hash_gate.log","tracked","clean_or_untracked","True","406","2026-03-01T17:31:12Z","12.94","phase_end_log","keep","Within locked retention window (30 days) for intentional historical logs."
"docs/context/phase_end_logs/20260302_013111_G06_worker_reply_gate.log","tracked","clean_or_untracked","True","406","2026-03-01T17:31:12Z","12.94","phase_end_log","keep","Within locked retention window (30 days) for intentional historical logs."
"docs/context/phase_end_logs/20260302_013111_G07_orphan_change_gate.log","tracked","clean_or_untracked","True","689","2026-03-01T17:31:12Z","12.94","phase_end_log","keep","Within locked retention window (30 days) for intentional historical logs."
"docs/context/phase_end_logs/20260302_013238_G01_context_build.log","tracked","clean_or_untracked","True","291","2026-03-01T17:32:38Z","12.93","phase_end_log","keep","Within locked retention window (30 days) for intentional historical logs."
"docs/context/phase_end_logs/20260302_013238_G02_context_validate.log","tracked","clean_or_untracked","True","305","2026-03-01T17:32:39Z","12.93","phase_end_log","keep","Within locked retention window (30 days) for intentional historical logs."
"docs/context/phase_end_logs/20260302_013238_G03_worker_status_aggregate.log","tracked","clean_or_untracked","True","480","2026-03-01T17:32:39Z","12.93","phase_end_log","keep","Within locked retention window (30 days) for intentional historical logs."
"docs/context/phase_end_logs/20260302_013238_G04_traceability_gate.log","tracked","clean_or_untracked","True","350","2026-03-01T17:32:39Z","12.93","phase_end_log","keep","Within locked retention window (30 days) for intentional historical logs."
"docs/context/phase_end_logs/20260302_013238_G05_evidence_hash_gate.log","tracked","clean_or_untracked","True","406","2026-03-01T17:32:39Z","12.93","phase_end_log","keep","Within locked retention window (30 days) for intentional historical logs."
"docs/context/phase_end_logs/20260302_013238_G06_worker_reply_gate.log","tracked","clean_or_untracked","True","406","2026-03-01T17:32:39Z","12.93","phase_end_log","keep","Within locked retention window (30 days) for intentional historical logs."
"docs/context/phase_end_logs/20260302_013238_G07_orphan_change_gate.log","tracked","clean_or_untracked","True","482","2026-03-01T17:32:39Z","12.93","phase_end_log","keep","Within locked retention window (30 days) for intentional historical logs."
"docs/context/phase_end_logs/20260302_013238_G08_dispatch_lifecycle_gate.log","tracked","clean_or_untracked","True","408","2026-03-01T17:32:39Z","12.93","phase_end_log","keep","Within locked retention window (30 days) for intentional historical logs."
"docs/context/phase_end_logs/20260302_013238_G09_build_ceo_digest.log","tracked","clean_or_untracked","True","616","2026-03-01T17:32:39Z","12.93","phase_end_log","keep","Within locked retention window (30 days) for intentional historical logs."
"docs/context/phase_end_logs/20260302_013238_G10_digest_freshness_gate.log","tracked","clean_or_untracked","True","351","2026-03-01T17:32:39Z","12.93","phase_end_log","keep","Within locked retention window (30 days) for intentional historical logs."
"docs/context/phase_end_logs/20260303_141757_G01_context_build.log","tracked","clean_or_untracked","True","294","2026-03-03T06:17:57Z","11.4","phase_end_log","keep","Within locked retention window (30 days) for intentional historical logs."
"docs/context/phase_end_logs/20260303_141757_G02_context_validate.log","tracked","clean_or_untracked","True","308","2026-03-03T06:17:57Z","11.4","phase_end_log","keep","Within locked retention window (30 days) for intentional historical logs."
"docs/context/phase_end_logs/20260303_141757_G03_worker_status_aggregate.log","tracked","clean_or_untracked","True","483","2026-03-03T06:17:57Z","11.4","phase_end_log","keep","Within locked retention window (30 days) for intentional historical logs."
"docs/context/phase_end_logs/20260303_141757_G04_traceability_gate.log","tracked","clean_or_untracked","True","353","2026-03-03T06:17:57Z","11.4","phase_end_log","keep","Within locked retention window (30 days) for intentional historical logs."
"docs/context/phase_end_logs/20260303_141757_G05_evidence_hash_gate.log","tracked","clean_or_untracked","True","409","2026-03-03T06:17:58Z","11.4","phase_end_log","keep","Within locked retention window (30 days) for intentional historical logs."
"docs/context/phase_end_logs/20260303_141757_G06_worker_reply_gate.log","tracked","clean_or_untracked","True","409","2026-03-03T06:17:58Z","11.4","phase_end_log","keep","Within locked retention window (30 days) for intentional historical logs."
"docs/context/phase_end_logs/20260303_141757_G07_orphan_change_gate.log","tracked","clean_or_untracked","True","1297","2026-03-03T06:17:58Z","11.4","phase_end_log","keep","Within locked retention window (30 days) for intentional historical logs."
"docs/context/phase_end_logs/20260303_141757_G09b_rebuild_ceo_digest.log","tracked","clean_or_untracked","True","720","2026-03-03T06:17:59Z","11.4","phase_end_log","keep","Within locked retention window (30 days) for intentional historical logs."
"docs/context/phase_end_logs/20260303_141757_G10b_digest_freshness_revalidation.log","tracked","clean_or_untracked","True","363","2026-03-03T06:17:59Z","11.4","phase_end_log","keep","Within locked retention window (30 days) for intentional historical logs."
"docs/context/phase_end_logs/20260303_141757_G11_auditor_review.log","tracked","clean_or_untracked","True","618","2026-03-03T06:17:58Z","11.4","phase_end_log","keep","Within locked retention window (30 days) for intentional historical logs."
"docs/context/phase_end_logs/20260303_152958_G01_context_build.log","tracked","clean_or_untracked","True","294","2026-03-03T07:29:59Z","11.35","phase_end_log","keep","Within locked retention window (30 days) for intentional historical logs."
"docs/context/phase_end_logs/20260303_152958_G02_context_validate.log","tracked","clean_or_untracked","True","308","2026-03-03T07:29:59Z","11.35","phase_end_log","keep","Within locked retention window (30 days) for intentional historical logs."
"docs/context/phase_end_logs/20260303_152958_G03_worker_status_aggregate.log","tracked","clean_or_untracked","True","483","2026-03-03T07:30:00Z","11.35","phase_end_log","keep","Within locked retention window (30 days) for intentional historical logs."
"docs/context/phase_end_logs/20260303_152958_G04_traceability_gate.log","tracked","clean_or_untracked","True","353","2026-03-03T07:30:00Z","11.35","phase_end_log","keep","Within locked retention window (30 days) for intentional historical logs."
"docs/context/phase_end_logs/20260303_152958_G05_evidence_hash_gate.log","tracked","clean_or_untracked","True","409","2026-03-03T07:30:01Z","11.35","phase_end_log","keep","Within locked retention window (30 days) for intentional historical logs."
"docs/context/phase_end_logs/20260303_152958_G06_worker_reply_gate.log","tracked","clean_or_untracked","True","409","2026-03-03T07:30:01Z","11.35","phase_end_log","keep","Within locked retention window (30 days) for intentional historical logs."
"docs/context/phase_end_logs/20260303_152958_G07_orphan_change_gate.log","tracked","clean_or_untracked","True","521","2026-03-03T07:30:03Z","11.35","phase_end_log","keep","Within locked retention window (30 days) for intentional historical logs."
"docs/context/phase_end_logs/20260303_152958_G08_dispatch_lifecycle_gate.log","tracked","clean_or_untracked","True","411","2026-03-03T07:30:03Z","11.35","phase_end_log","keep","Within locked retention window (30 days) for intentional historical logs."
"docs/context/phase_end_logs/20260303_152958_G09_build_ceo_digest.log","tracked","clean_or_untracked","True","619","2026-03-03T07:30:03Z","11.35","phase_end_log","keep","Within locked retention window (30 days) for intentional historical logs."
"docs/context/phase_end_logs/20260303_152958_G09b_rebuild_ceo_digest.log","tracked","clean_or_untracked","True","720","2026-03-03T07:30:04Z","11.35","phase_end_log","keep","Within locked retention window (30 days) for intentional historical logs."
"docs/context/phase_end_logs/20260303_152958_G10_digest_freshness_gate.log","tracked","clean_or_untracked","True","354","2026-03-03T07:30:04Z","11.35","phase_end_log","keep","Within locked retention window (30 days) for intentional historical logs."
"docs/context/phase_end_logs/20260303_152958_G10b_digest_freshness_revalidation.log","tracked","clean_or_untracked","True","363","2026-03-03T07:30:05Z","11.35","phase_end_log","keep","Within locked retention window (30 days) for intentional historical logs."
"docs/context/phase_end_logs/20260303_152958_G11_auditor_review.log","tracked","clean_or_untracked","True","618","2026-03-03T07:30:04Z","11.35","phase_end_log","keep","Within locked retention window (30 days) for intentional historical logs."
"docs/context/phase_end_logs/20260303_153336_G01_context_build.log","tracked","clean_or_untracked","True","294","2026-03-03T07:33:36Z","11.35","phase_end_log","keep","Within locked retention window (30 days) for intentional historical logs."
"docs/context/phase_end_logs/20260303_153336_G02_context_validate.log","tracked","clean_or_untracked","True","308","2026-03-03T07:33:37Z","11.35","phase_end_log","keep","Within locked retention window (30 days) for intentional historical logs."
"docs/context/phase_end_logs/20260303_153336_G03_worker_status_aggregate.log","tracked","clean_or_untracked","True","483","2026-03-03T07:33:37Z","11.35","phase_end_log","keep","Within locked retention window (30 days) for intentional historical logs."
"docs/context/phase_end_logs/20260303_153336_G04_traceability_gate.log","tracked","clean_or_untracked","True","353","2026-03-03T07:33:37Z","11.35","phase_end_log","keep","Within locked retention window (30 days) for intentional historical logs."
"docs/context/phase_end_logs/20260303_153336_G05_evidence_hash_gate.log","tracked","clean_or_untracked","True","409","2026-03-03T07:33:37Z","11.35","phase_end_log","keep","Within locked retention window (30 days) for intentional historical logs."
"docs/context/phase_end_logs/20260303_153336_G06_worker_reply_gate.log","tracked","clean_or_untracked","True","409","2026-03-03T07:33:38Z","11.35","phase_end_log","keep","Within locked retention window (30 days) for intentional historical logs."
"docs/context/phase_end_logs/20260303_153336_G07_orphan_change_gate.log","tracked","clean_or_untracked","True","521","2026-03-03T07:33:38Z","11.35","phase_end_log","keep","Within locked retention window (30 days) for intentional historical logs."
"docs/context/phase_end_logs/20260303_153336_G08_dispatch_lifecycle_gate.log","tracked","clean_or_untracked","True","411","2026-03-03T07:33:38Z","11.35","phase_end_log","keep","Within locked retention window (30 days) for intentional historical logs."
"docs/context/phase_end_logs/20260303_153336_G09_build_ceo_digest.log","tracked","clean_or_untracked","True","619","2026-03-03T07:33:39Z","11.35","phase_end_log","keep","Within locked retention window (30 days) for intentional historical logs."
"docs/context/phase_end_logs/20260303_153336_G09b_rebuild_ceo_digest.log","tracked","clean_or_untracked","True","720","2026-03-03T07:33:39Z","11.35","phase_end_log","keep","Within locked retention window (30 days) for intentional historical logs."
"docs/context/phase_end_logs/20260303_153336_G10_digest_freshness_gate.log","tracked","clean_or_untracked","True","354","2026-03-03T07:33:39Z","11.35","phase_end_log","keep","Within locked retention window (30 days) for intentional historical logs."
"docs/context/phase_end_logs/20260303_153336_G10b_digest_freshness_revalidation.log","tracked","clean_or_untracked","True","363","2026-03-03T07:33:40Z","11.35","phase_end_log","keep","Within locked retention window (30 days) for intentional historical logs."
"docs/context/phase_end_logs/20260303_153336_G11_auditor_review.log","tracked","clean_or_untracked","True","618","2026-03-03T07:33:39Z","11.35","phase_end_log","keep","Within locked retention window (30 days) for intentional historical logs."
"docs/context/phase_end_logs/20260303_194426_G01_context_build.log","tracked","clean_or_untracked","True","294","2026-03-03T11:44:27Z","11.18","phase_end_log","keep","Within locked retention window (30 days) for intentional historical logs."
"docs/context/phase_end_logs/20260303_194426_G02_context_validate.log","tracked","clean_or_untracked","True","308","2026-03-03T11:44:27Z","11.18","phase_end_log","keep","Within locked retention window (30 days) for intentional historical logs."
"docs/context/phase_end_logs/20260303_194426_G03_worker_status_aggregate.log","tracked","clean_or_untracked","True","483","2026-03-03T11:44:28Z","11.18","phase_end_log","keep","Within locked retention window (30 days) for intentional historical logs."
"docs/context/phase_end_logs/20260303_194426_G04_traceability_gate.log","tracked","clean_or_untracked","True","353","2026-03-03T11:44:28Z","11.18","phase_end_log","keep","Within locked retention window (30 days) for intentional historical logs."
"docs/context/phase_end_logs/20260303_194426_G05_evidence_hash_gate.log","tracked","clean_or_untracked","True","409","2026-03-03T11:44:28Z","11.18","phase_end_log","keep","Within locked retention window (30 days) for intentional historical logs."
"docs/context/phase_end_logs/20260303_194426_G06_worker_reply_gate.log","tracked","clean_or_untracked","True","409","2026-03-03T11:44:29Z","11.18","phase_end_log","keep","Within locked retention window (30 days) for intentional historical logs."
"docs/context/phase_end_logs/20260303_194426_G09_build_ceo_digest.log","tracked","clean_or_untracked","True","619","2026-03-03T11:44:29Z","11.18","phase_end_log","keep","Within locked retention window (30 days) for intentional historical logs."
"docs/context/phase_end_logs/20260303_194426_G09b_rebuild_ceo_digest.log","tracked","clean_or_untracked","True","720","2026-03-03T11:44:30Z","11.18","phase_end_log","keep","Within locked retention window (30 days) for intentional historical logs."
"docs/context/phase_end_logs/20260303_194426_G10_digest_freshness_gate.log","tracked","clean_or_untracked","True","354","2026-03-03T11:44:29Z","11.18","phase_end_log","keep","Within locked retention window (30 days) for intentional historical logs."
"docs/context/phase_end_logs/20260303_194426_G10b_digest_freshness_revalidation.log","tracked","clean_or_untracked","True","363","2026-03-03T11:44:30Z","11.18","phase_end_log","keep","Within locked retention window (30 days) for intentional historical logs."
"docs/context/phase_end_logs/20260303_194426_G11_auditor_review.log","tracked","clean_or_untracked","True","618","2026-03-03T11:44:30Z","11.18","phase_end_log","keep","Within locked retention window (30 days) for intentional historical logs."
"docs/context/phase_end_logs/20260304_000545_G01_context_build.log","tracked","clean_or_untracked","True","294","2026-03-03T16:05:46Z","10.99","phase_end_log","keep","Within locked retention window (30 days) for intentional historical logs."
"docs/context/phase_end_logs/20260304_000545_G02_context_validate.log","tracked","clean_or_untracked","True","308","2026-03-03T16:05:46Z","10.99","phase_end_log","keep","Within locked retention window (30 days) for intentional historical logs."
"docs/context/phase_end_logs/20260304_000545_G03_worker_status_aggregate.log","tracked","clean_or_untracked","True","483","2026-03-03T16:05:46Z","10.99","phase_end_log","keep","Within locked retention window (30 days) for intentional historical logs."
"docs/context/phase_end_logs/20260304_000545_G04_traceability_gate.log","tracked","clean_or_untracked","True","353","2026-03-03T16:05:46Z","10.99","phase_end_log","keep","Within locked retention window (30 days) for intentional historical logs."
"docs/context/phase_end_logs/20260304_000545_G05_evidence_hash_gate.log","tracked","clean_or_untracked","True","409","2026-03-03T16:05:47Z","10.99","phase_end_log","keep","Within locked retention window (30 days) for intentional historical logs."
"docs/context/phase_end_logs/20260304_000545_G06_worker_reply_gate.log","tracked","clean_or_untracked","True","409","2026-03-03T16:05:47Z","10.99","phase_end_log","keep","Within locked retention window (30 days) for intentional historical logs."
"docs/context/phase_end_logs/20260304_000545_G07_orphan_change_gate.log","tracked","clean_or_untracked","True","521","2026-03-03T16:05:48Z","10.99","phase_end_log","keep","Within locked retention window (30 days) for intentional historical logs."
"docs/context/phase_end_logs/20260304_000545_G08_dispatch_lifecycle_gate.log","tracked","clean_or_untracked","True","411","2026-03-03T16:05:48Z","10.99","phase_end_log","keep","Within locked retention window (30 days) for intentional historical logs."
"docs/context/phase_end_logs/20260304_000545_G09_build_ceo_digest.log","tracked","clean_or_untracked","True","619","2026-03-03T16:05:48Z","10.99","phase_end_log","keep","Within locked retention window (30 days) for intentional historical logs."
"docs/context/phase_end_logs/20260304_000545_G09b_rebuild_ceo_digest.log","tracked","clean_or_untracked","True","720","2026-03-03T16:05:49Z","10.99","phase_end_log","keep","Within locked retention window (30 days) for intentional historical logs."
"docs/context/phase_end_logs/20260304_000545_G10_digest_freshness_gate.log","tracked","clean_or_untracked","True","354","2026-03-03T16:05:49Z","10.99","phase_end_log","keep","Within locked retention window (30 days) for intentional historical logs."
"docs/context/phase_end_logs/20260304_000545_G10b_digest_freshness_revalidation.log","tracked","clean_or_untracked","True","363","2026-03-03T16:05:49Z","10.99","phase_end_log","keep","Within locked retention window (30 days) for intentional historical logs."
"docs/context/phase_end_logs/20260304_000545_G11_auditor_review.log","tracked","clean_or_untracked","True","618","2026-03-03T16:05:49Z","10.99","phase_end_log","keep","Within locked retention window (30 days) for intentional historical logs."
"docs/context/phase_end_logs/20260304_123933_G01_context_build.log","tracked","clean_or_untracked","True","294","2026-03-04T04:39:34Z","10.47","phase_end_log","keep","Within locked retention window (30 days) for intentional historical logs."
"docs/context/phase_end_logs/20260304_123933_G02_context_validate.log","tracked","clean_or_untracked","True","308","2026-03-04T04:39:35Z","10.47","phase_end_log","keep","Within locked retention window (30 days) for intentional historical logs."
"docs/context/phase_end_logs/20260304_123933_G03_worker_status_aggregate.log","tracked","clean_or_untracked","True","483","2026-03-04T04:39:35Z","10.47","phase_end_log","keep","Within locked retention window (30 days) for intentional historical logs."
"docs/context/phase_end_logs/20260304_123933_G04_traceability_gate.log","tracked","clean_or_untracked","True","353","2026-03-04T04:39:35Z","10.47","phase_end_log","keep","Within locked retention window (30 days) for intentional historical logs."
"docs/context/phase_end_logs/20260304_123933_G05_evidence_hash_gate.log","tracked","clean_or_untracked","True","409","2026-03-04T04:39:35Z","10.47","phase_end_log","keep","Within locked retention window (30 days) for intentional historical logs."
"docs/context/phase_end_logs/20260304_123933_G06_worker_reply_gate.log","tracked","clean_or_untracked","True","409","2026-03-04T04:39:36Z","10.47","phase_end_log","keep","Within locked retention window (30 days) for intentional historical logs."
"docs/context/phase_end_logs/20260304_123933_G07_orphan_change_gate.log","tracked","clean_or_untracked","True","521","2026-03-04T04:39:36Z","10.47","phase_end_log","keep","Within locked retention window (30 days) for intentional historical logs."
"docs/context/phase_end_logs/20260304_123933_G08_dispatch_lifecycle_gate.log","tracked","clean_or_untracked","True","411","2026-03-04T04:39:37Z","10.47","phase_end_log","keep","Within locked retention window (30 days) for intentional historical logs."
"docs/context/phase_end_logs/20260304_123933_G09_build_ceo_digest.log","tracked","clean_or_untracked","True","619","2026-03-04T04:39:37Z","10.47","phase_end_log","keep","Within locked retention window (30 days) for intentional historical logs."
"docs/context/phase_end_logs/20260304_123933_G09b_rebuild_ceo_digest.log","tracked","clean_or_untracked","True","720","2026-03-04T04:39:38Z","10.47","phase_end_log","keep","Within locked retention window (30 days) for intentional historical logs."
"docs/context/phase_end_logs/20260304_123933_G10_digest_freshness_gate.log","tracked","clean_or_untracked","True","354","2026-03-04T04:39:37Z","10.47","phase_end_log","keep","Within locked retention window (30 days) for intentional historical logs."
"docs/context/phase_end_logs/20260304_123933_G10b_digest_freshness_revalidation.log","tracked","clean_or_untracked","True","363","2026-03-04T04:39:38Z","10.47","phase_end_log","keep","Within locked retention window (30 days) for intentional historical logs."
"docs/context/phase_end_logs/20260304_123933_G11_auditor_review.log","tracked","clean_or_untracked","True","618","2026-03-04T04:39:37Z","10.47","phase_end_log","keep","Within locked retention window (30 days) for intentional historical logs."
"docs/context/phase_end_logs/20260304_124754_G01_context_build.log","tracked","clean_or_untracked","True","294","2026-03-04T04:47:54Z","10.47","phase_end_log","keep","Within locked retention window (30 days) for intentional historical logs."
"docs/context/phase_end_logs/20260304_124754_G02_context_validate.log","tracked","clean_or_untracked","True","308","2026-03-04T04:47:54Z","10.47","phase_end_log","keep","Within locked retention window (30 days) for intentional historical logs."
"docs/context/phase_end_logs/20260304_124754_G03_worker_status_aggregate.log","tracked","clean_or_untracked","True","483","2026-03-04T04:47:55Z","10.47","phase_end_log","keep","Within locked retention window (30 days) for intentional historical logs."
"docs/context/phase_end_logs/20260304_124754_G04_traceability_gate.log","tracked","clean_or_untracked","True","353","2026-03-04T04:47:55Z","10.47","phase_end_log","keep","Within locked retention window (30 days) for intentional historical logs."
"docs/context/phase_end_logs/20260304_124754_G05_evidence_hash_gate.log","tracked","clean_or_untracked","True","409","2026-03-04T04:47:55Z","10.47","phase_end_log","keep","Within locked retention window (30 days) for intentional historical logs."
"docs/context/phase_end_logs/20260304_124754_G06_worker_reply_gate.log","tracked","clean_or_untracked","True","711","2026-03-04T04:47:55Z","10.47","phase_end_log","keep","Within locked retention window (30 days) for intentional historical logs."
"docs/context/phase_end_logs/20260304_124754_G09b_rebuild_ceo_digest.log","tracked","clean_or_untracked","True","720","2026-03-04T04:47:56Z","10.47","phase_end_log","keep","Within locked retention window (30 days) for intentional historical logs."
"docs/context/phase_end_logs/20260304_124754_G10b_digest_freshness_revalidation.log","tracked","clean_or_untracked","True","363","2026-03-04T04:47:56Z","10.47","phase_end_log","keep","Within locked retention window (30 days) for intentional historical logs."
"docs/context/phase_end_logs/20260304_124754_G11_auditor_review.log","tracked","clean_or_untracked","True","618","2026-03-04T04:47:56Z","10.47","phase_end_log","keep","Within locked retention window (30 days) for intentional historical logs."
"docs/context/phase_end_logs/20260304_124918_G01_context_build.log","tracked","clean_or_untracked","True","294","2026-03-04T04:49:19Z","10.46","phase_end_log","keep","Within locked retention window (30 days) for intentional historical logs."
"docs/context/phase_end_logs/20260304_124918_G02_context_validate.log","tracked","clean_or_untracked","True","308","2026-03-04T04:49:19Z","10.46","phase_end_log","keep","Within locked retention window (30 days) for intentional historical logs."
"docs/context/phase_end_logs/20260304_124918_G03_worker_status_aggregate.log","tracked","clean_or_untracked","True","483","2026-03-04T04:49:19Z","10.46","phase_end_log","keep","Within locked retention window (30 days) for intentional historical logs."
"docs/context/phase_end_logs/20260304_124918_G04_traceability_gate.log","tracked","clean_or_untracked","True","353","2026-03-04T04:49:19Z","10.46","phase_end_log","keep","Within locked retention window (30 days) for intentional historical logs."
"docs/context/phase_end_logs/20260304_124918_G05_evidence_hash_gate.log","tracked","clean_or_untracked","True","409","2026-03-04T04:49:20Z","10.46","phase_end_log","keep","Within locked retention window (30 days) for intentional historical logs."
"docs/context/phase_end_logs/20260304_124918_G06_worker_reply_gate.log","tracked","clean_or_untracked","True","409","2026-03-04T04:49:20Z","10.46","phase_end_log","keep","Within locked retention window (30 days) for intentional historical logs."
"docs/context/phase_end_logs/20260304_124918_G07_orphan_change_gate.log","tracked","clean_or_untracked","True","521","2026-03-04T04:49:21Z","10.46","phase_end_log","keep","Within locked retention window (30 days) for intentional historical logs."
"docs/context/phase_end_logs/20260304_124918_G08_dispatch_lifecycle_gate.log","tracked","clean_or_untracked","True","411","2026-03-04T04:49:21Z","10.46","phase_end_log","keep","Within locked retention window (30 days) for intentional historical logs."
"docs/context/phase_end_logs/20260304_124918_G09_build_ceo_digest.log","tracked","clean_or_untracked","True","619","2026-03-04T04:49:21Z","10.46","phase_end_log","keep","Within locked retention window (30 days) for intentional historical logs."
"docs/context/phase_end_logs/20260304_124918_G09b_rebuild_ceo_digest.log","tracked","clean_or_untracked","True","720","2026-03-04T04:49:22Z","10.46","phase_end_log","keep","Within locked retention window (30 days) for intentional historical logs."
"docs/context/phase_end_logs/20260304_124918_G10_digest_freshness_gate.log","tracked","clean_or_untracked","True","354","2026-03-04T04:49:21Z","10.46","phase_end_log","keep","Within locked retention window (30 days) for intentional historical logs."
"docs/context/phase_end_logs/20260304_124918_G10b_digest_freshness_revalidation.log","tracked","clean_or_untracked","True","363","2026-03-04T04:49:22Z","10.46","phase_end_log","keep","Within locked retention window (30 days) for intentional historical logs."
"docs/context/phase_end_logs/20260304_124918_G11_auditor_review.log","tracked","clean_or_untracked","True","618","2026-03-04T04:49:22Z","10.46","phase_end_log","keep","Within locked retention window (30 days) for intentional historical logs."
"docs/context/phase_end_logs/20260304_134351_G01_context_build.log","tracked","clean_or_untracked","True","294","2026-03-04T05:43:52Z","10.43","phase_end_log","keep","Within locked retention window (30 days) for intentional historical logs."
"docs/context/phase_end_logs/20260304_134351_G02_context_validate.log","tracked","clean_or_untracked","True","308","2026-03-04T05:43:53Z","10.43","phase_end_log","keep","Within locked retention window (30 days) for intentional historical logs."
"docs/context/phase_end_logs/20260304_134351_G03_worker_status_aggregate.log","tracked","clean_or_untracked","True","483","2026-03-04T05:43:53Z","10.43","phase_end_log","keep","Within locked retention window (30 days) for intentional historical logs."
"docs/context/phase_end_logs/20260304_134351_G04_traceability_gate.log","tracked","clean_or_untracked","True","353","2026-03-04T05:43:54Z","10.43","phase_end_log","keep","Within locked retention window (30 days) for intentional historical logs."
"docs/context/phase_end_logs/20260304_134351_G05_evidence_hash_gate.log","tracked","clean_or_untracked","True","409","2026-03-04T05:43:55Z","10.43","phase_end_log","keep","Within locked retention window (30 days) for intentional historical logs."
"docs/context/phase_end_logs/20260304_134351_G06_worker_reply_gate.log","tracked","clean_or_untracked","True","409","2026-03-04T05:43:55Z","10.43","phase_end_log","keep","Within locked retention window (30 days) for intentional historical logs."
"docs/context/phase_end_logs/20260304_134351_G07_orphan_change_gate.log","tracked","clean_or_untracked","True","521","2026-03-04T05:43:57Z","10.43","phase_end_log","keep","Within locked retention window (30 days) for intentional historical logs."
"docs/context/phase_end_logs/20260304_134351_G08_dispatch_lifecycle_gate.log","tracked","clean_or_untracked","True","411","2026-03-04T05:43:58Z","10.43","phase_end_log","keep","Within locked retention window (30 days) for intentional historical logs."
"docs/context/phase_end_logs/20260304_134351_G09_build_ceo_digest.log","tracked","clean_or_untracked","True","619","2026-03-04T05:43:58Z","10.43","phase_end_log","keep","Within locked retention window (30 days) for intentional historical logs."
"docs/context/phase_end_logs/20260304_134351_G09b_rebuild_ceo_digest.log","tracked","clean_or_untracked","True","720","2026-03-04T05:44:00Z","10.43","phase_end_log","keep","Within locked retention window (30 days) for intentional historical logs."
"docs/context/phase_end_logs/20260304_134351_G10_digest_freshness_gate.log","tracked","clean_or_untracked","True","354","2026-03-04T05:43:59Z","10.43","phase_end_log","keep","Within locked retention window (30 days) for intentional historical logs."
"docs/context/phase_end_logs/20260304_134351_G10b_digest_freshness_revalidation.log","tracked","clean_or_untracked","True","363","2026-03-04T05:44:00Z","10.43","phase_end_log","keep","Within locked retention window (30 days) for intentional historical logs."
"docs/context/phase_end_logs/20260304_134351_G11_auditor_review.log","tracked","clean_or_untracked","True","618","2026-03-04T05:43:59Z","10.43","phase_end_log","keep","Within locked retention window (30 days) for intentional historical logs."
"docs/context/phase_end_logs/20260304_140348_G01_context_build.log","tracked","clean_or_untracked","True","294","2026-03-04T06:03:49Z","10.41","phase_end_log","keep","Within locked retention window (30 days) for intentional historical logs."
"docs/context/phase_end_logs/20260304_140348_G02_context_validate.log","tracked","clean_or_untracked","True","308","2026-03-04T06:03:50Z","10.41","phase_end_log","keep","Within locked retention window (30 days) for intentional historical logs."
"docs/context/phase_end_logs/20260304_140348_G03_worker_status_aggregate.log","tracked","clean_or_untracked","True","483","2026-03-04T06:03:50Z","10.41","phase_end_log","keep","Within locked retention window (30 days) for intentional historical logs."
"docs/context/phase_end_logs/20260304_140348_G04_traceability_gate.log","tracked","clean_or_untracked","True","353","2026-03-04T06:03:51Z","10.41","phase_end_log","keep","Within locked retention window (30 days) for intentional historical logs."
"docs/context/phase_end_logs/20260304_140348_G05_evidence_hash_gate.log","tracked","clean_or_untracked","True","409","2026-03-04T06:03:51Z","10.41","phase_end_log","keep","Within locked retention window (30 days) for intentional historical logs."
"docs/context/phase_end_logs/20260304_140348_G06_worker_reply_gate.log","tracked","clean_or_untracked","True","409","2026-03-04T06:03:52Z","10.41","phase_end_log","keep","Within locked retention window (30 days) for intentional historical logs."
"docs/context/phase_end_logs/20260304_140348_G07_orphan_change_gate.log","tracked","clean_or_untracked","True","521","2026-03-04T06:03:53Z","10.41","phase_end_log","keep","Within locked retention window (30 days) for intentional historical logs."
"docs/context/phase_end_logs/20260304_140348_G08_dispatch_lifecycle_gate.log","tracked","clean_or_untracked","True","411","2026-03-04T06:03:54Z","10.41","phase_end_log","keep","Within locked retention window (30 days) for intentional historical logs."
"docs/context/phase_end_logs/20260304_140348_G09_build_ceo_digest.log","tracked","clean_or_untracked","True","619","2026-03-04T06:03:54Z","10.41","phase_end_log","keep","Within locked retention window (30 days) for intentional historical logs."
"docs/context/phase_end_logs/20260304_140348_G09b_rebuild_ceo_digest.log","tracked","clean_or_untracked","True","720","2026-03-04T06:03:56Z","10.41","phase_end_log","keep","Within locked retention window (30 days) for intentional historical logs."
"docs/context/phase_end_logs/20260304_140348_G10_digest_freshness_gate.log","tracked","clean_or_untracked","True","354","2026-03-04T06:03:55Z","10.41","phase_end_log","keep","Within locked retention window (30 days) for intentional historical logs."
"docs/context/phase_end_logs/20260304_140348_G10b_digest_freshness_revalidation.log","tracked","clean_or_untracked","True","363","2026-03-04T06:03:56Z","10.41","phase_end_log","keep","Within locked retention window (30 days) for intentional historical logs."
"docs/context/phase_end_logs/20260304_140348_G11_auditor_review.log","tracked","clean_or_untracked","True","618","2026-03-04T06:03:55Z","10.41","phase_end_log","keep","Within locked retention window (30 days) for intentional historical logs."
"docs/context/phase_end_logs/20260306_165856_G01_context_build.log","tracked","clean_or_untracked","True","294","2026-03-06T08:58:56Z","8.29","phase_end_log","keep","Within locked retention window (30 days) for intentional historical logs."
"docs/context/phase_end_logs/20260306_165856_G02_context_validate.log","tracked","clean_or_untracked","True","308","2026-03-06T08:58:56Z","8.29","phase_end_log","keep","Within locked retention window (30 days) for intentional historical logs."
"docs/context/phase_end_logs/20260306_165856_G03_worker_status_aggregate.log","tracked","clean_or_untracked","True","483","2026-03-06T08:58:57Z","8.29","phase_end_log","keep","Within locked retention window (30 days) for intentional historical logs."
"docs/context/phase_end_logs/20260306_165856_G04_traceability_gate.log","tracked","clean_or_untracked","True","353","2026-03-06T08:58:57Z","8.29","phase_end_log","keep","Within locked retention window (30 days) for intentional historical logs."
"docs/context/phase_end_logs/20260306_165856_G05_evidence_hash_gate.log","tracked","clean_or_untracked","True","409","2026-03-06T08:58:57Z","8.29","phase_end_log","keep","Within locked retention window (30 days) for intentional historical logs."
"docs/context/phase_end_logs/20260306_165856_G06_worker_reply_gate.log","tracked","clean_or_untracked","True","409","2026-03-06T08:58:57Z","8.29","phase_end_log","keep","Within locked retention window (30 days) for intentional historical logs."
"docs/context/phase_end_logs/20260306_165856_G07_orphan_change_gate.log","tracked","clean_or_untracked","True","941","2026-03-06T08:58:58Z","8.29","phase_end_log","keep","Within locked retention window (30 days) for intentional historical logs."
"docs/context/phase_end_logs/20260306_165856_G09b_rebuild_ceo_digest.log","tracked","clean_or_untracked","True","720","2026-03-06T08:58:58Z","8.29","phase_end_log","keep","Within locked retention window (30 days) for intentional historical logs."
"docs/context/phase_end_logs/20260306_165856_G10b_digest_freshness_revalidation.log","tracked","clean_or_untracked","True","363","2026-03-06T08:58:58Z","8.29","phase_end_log","keep","Within locked retention window (30 days) for intentional historical logs."
"docs/context/phase_end_logs/20260306_165856_G11_auditor_review.log","tracked","clean_or_untracked","True","618","2026-03-06T08:58:58Z","8.29","phase_end_log","keep","Within locked retention window (30 days) for intentional historical logs."
"docs/context/phase_end_logs/20260306_170114_G01_context_build.log","tracked","clean_or_untracked","True","294","2026-03-06T09:01:14Z","8.29","phase_end_log","keep","Within locked retention window (30 days) for intentional historical logs."
"docs/context/phase_end_logs/20260306_170114_G02_context_validate.log","tracked","clean_or_untracked","True","308","2026-03-06T09:01:14Z","8.29","phase_end_log","keep","Within locked retention window (30 days) for intentional historical logs."
"docs/context/phase_end_logs/20260306_170114_G03_worker_status_aggregate.log","tracked","clean_or_untracked","True","483","2026-03-06T09:01:14Z","8.29","phase_end_log","keep","Within locked retention window (30 days) for intentional historical logs."
"docs/context/phase_end_logs/20260306_170114_G04_traceability_gate.log","tracked","clean_or_untracked","True","353","2026-03-06T09:01:15Z","8.29","phase_end_log","keep","Within locked retention window (30 days) for intentional historical logs."
"docs/context/phase_end_logs/20260306_170114_G05_evidence_hash_gate.log","tracked","clean_or_untracked","True","409","2026-03-06T09:01:15Z","8.29","phase_end_log","keep","Within locked retention window (30 days) for intentional historical logs."
"docs/context/phase_end_logs/20260306_170114_G06_worker_reply_gate.log","tracked","clean_or_untracked","True","409","2026-03-06T09:01:15Z","8.29","phase_end_log","keep","Within locked retention window (30 days) for intentional historical logs."
"docs/context/phase_end_logs/20260306_170114_G07_orphan_change_gate.log","tracked","clean_or_untracked","True","521","2026-03-06T09:01:15Z","8.29","phase_end_log","keep","Within locked retention window (30 days) for intentional historical logs."
"docs/context/phase_end_logs/20260306_170114_G08_dispatch_lifecycle_gate.log","tracked","clean_or_untracked","True","411","2026-03-06T09:01:15Z","8.29","phase_end_log","keep","Within locked retention window (30 days) for intentional historical logs."
"docs/context/phase_end_logs/20260306_170114_G09_build_ceo_digest.log","tracked","clean_or_untracked","True","619","2026-03-06T09:01:16Z","8.29","phase_end_log","keep","Within locked retention window (30 days) for intentional historical logs."
"docs/context/phase_end_logs/20260306_170114_G09b_rebuild_ceo_digest.log","tracked","clean_or_untracked","True","720","2026-03-06T09:01:16Z","8.29","phase_end_log","keep","Within locked retention window (30 days) for intentional historical logs."
"docs/context/phase_end_logs/20260306_170114_G10_digest_freshness_gate.log","tracked","clean_or_untracked","True","354","2026-03-06T09:01:16Z","8.29","phase_end_log","keep","Within locked retention window (30 days) for intentional historical logs."
"docs/context/phase_end_logs/20260306_170114_G10b_digest_freshness_revalidation.log","tracked","clean_or_untracked","True","363","2026-03-06T09:01:16Z","8.29","phase_end_log","keep","Within locked retention window (30 days) for intentional historical logs."
"docs/context/phase_end_logs/20260306_170114_G11_auditor_review.log","tracked","clean_or_untracked","True","618","2026-03-06T09:01:16Z","8.29","phase_end_log","keep","Within locked retention window (30 days) for intentional historical logs."
"docs/context/phase_end_logs/20260306_170855_G01_context_build.log","tracked","clean_or_untracked","True","294","2026-03-06T09:08:56Z","8.28","phase_end_log","keep","Within locked retention window (30 days) for intentional historical logs."
"docs/context/phase_end_logs/20260306_170855_G02_context_validate.log","tracked","clean_or_untracked","True","308","2026-03-06T09:08:56Z","8.28","phase_end_log","keep","Within locked retention window (30 days) for intentional historical logs."
"docs/context/phase_end_logs/20260306_170855_G03_worker_status_aggregate.log","tracked","clean_or_untracked","True","483","2026-03-06T09:08:56Z","8.28","phase_end_log","keep","Within locked retention window (30 days) for intentional historical logs."
"docs/context/phase_end_logs/20260306_170855_G04_traceability_gate.log","tracked","clean_or_untracked","True","353","2026-03-06T09:08:56Z","8.28","phase_end_log","keep","Within locked retention window (30 days) for intentional historical logs."
"docs/context/phase_end_logs/20260306_170855_G05_evidence_hash_gate.log","tracked","clean_or_untracked","True","409","2026-03-06T09:08:56Z","8.28","phase_end_log","keep","Within locked retention window (30 days) for intentional historical logs."
"docs/context/phase_end_logs/20260306_170855_G06_worker_reply_gate.log","tracked","clean_or_untracked","True","409","2026-03-06T09:08:57Z","8.28","phase_end_log","keep","Within locked retention window (30 days) for intentional historical logs."
"docs/context/phase_end_logs/20260306_170855_G07_orphan_change_gate.log","tracked","clean_or_untracked","True","521","2026-03-06T09:08:57Z","8.28","phase_end_log","keep","Within locked retention window (30 days) for intentional historical logs."
"docs/context/phase_end_logs/20260306_170855_G08_dispatch_lifecycle_gate.log","tracked","clean_or_untracked","True","411","2026-03-06T09:08:57Z","8.28","phase_end_log","keep","Within locked retention window (30 days) for intentional historical logs."
"docs/context/phase_end_logs/20260306_170855_G09_build_ceo_digest.log","tracked","clean_or_untracked","True","619","2026-03-06T09:08:57Z","8.28","phase_end_log","keep","Within locked retention window (30 days) for intentional historical logs."
"docs/context/phase_end_logs/20260306_170855_G09b_rebuild_ceo_digest.log","tracked","clean_or_untracked","True","720","2026-03-06T09:08:58Z","8.28","phase_end_log","keep","Within locked retention window (30 days) for intentional historical logs."
"docs/context/phase_end_logs/20260306_170855_G10_digest_freshness_gate.log","tracked","clean_or_untracked","True","354","2026-03-06T09:08:58Z","8.28","phase_end_log","keep","Within locked retention window (30 days) for intentional historical logs."
"docs/context/phase_end_logs/20260306_170855_G10b_digest_freshness_revalidation.log","tracked","clean_or_untracked","True","363","2026-03-06T09:08:58Z","8.28","phase_end_log","keep","Within locked retention window (30 days) for intentional historical logs."
"docs/context/phase_end_logs/20260306_170855_G11_auditor_review.log","tracked","clean_or_untracked","True","618","2026-03-06T09:08:58Z","8.28","phase_end_log","keep","Within locked retention window (30 days) for intentional historical logs."
"docs/context/phase_end_logs/20260307_135029_G01_context_build.log","tracked","clean_or_untracked","True","294","2026-03-07T05:50:29Z","7.42","phase_end_log","keep","Within locked retention window (30 days) for intentional historical logs."
"docs/context/phase_end_logs/20260307_135029_G02_context_validate.log","tracked","clean_or_untracked","True","308","2026-03-07T05:50:29Z","7.42","phase_end_log","keep","Within locked retention window (30 days) for intentional historical logs."
"docs/context/phase_end_logs/20260307_135029_G03_worker_status_aggregate.log","tracked","clean_or_untracked","True","483","2026-03-07T05:50:29Z","7.42","phase_end_log","keep","Within locked retention window (30 days) for intentional historical logs."
"docs/context/phase_end_logs/20260307_135029_G04_traceability_gate.log","tracked","clean_or_untracked","True","353","2026-03-07T05:50:29Z","7.42","phase_end_log","keep","Within locked retention window (30 days) for intentional historical logs."
"docs/context/phase_end_logs/20260307_135029_G05_evidence_hash_gate.log","tracked","clean_or_untracked","True","409","2026-03-07T05:50:29Z","7.42","phase_end_log","keep","Within locked retention window (30 days) for intentional historical logs."
"docs/context/phase_end_logs/20260307_135029_G06_worker_reply_gate.log","tracked","clean_or_untracked","True","409","2026-03-07T05:50:30Z","7.42","phase_end_log","keep","Within locked retention window (30 days) for intentional historical logs."
"docs/context/phase_end_logs/20260307_135029_G07_orphan_change_gate.log","tracked","clean_or_untracked","True","521","2026-03-07T05:50:30Z","7.42","phase_end_log","keep","Within locked retention window (30 days) for intentional historical logs."
"docs/context/phase_end_logs/20260307_135029_G08_dispatch_lifecycle_gate.log","tracked","clean_or_untracked","True","411","2026-03-07T05:50:30Z","7.42","phase_end_log","keep","Within locked retention window (30 days) for intentional historical logs."
"docs/context/phase_end_logs/20260307_135029_G09_build_ceo_digest.log","tracked","clean_or_untracked","True","619","2026-03-07T05:50:30Z","7.42","phase_end_log","keep","Within locked retention window (30 days) for intentional historical logs."
"docs/context/phase_end_logs/20260307_135029_G09b_rebuild_ceo_digest.log","tracked","clean_or_untracked","True","720","2026-03-07T05:50:31Z","7.42","phase_end_log","keep","Within locked retention window (30 days) for intentional historical logs."
"docs/context/phase_end_logs/20260307_135029_G10_digest_freshness_gate.log","tracked","clean_or_untracked","True","354","2026-03-07T05:50:30Z","7.42","phase_end_log","keep","Within locked retention window (30 days) for intentional historical logs."
"docs/context/phase_end_logs/20260307_135029_G10b_digest_freshness_revalidation.log","tracked","clean_or_untracked","True","363","2026-03-07T05:50:31Z","7.42","phase_end_log","keep","Within locked retention window (30 days) for intentional historical logs."
"docs/context/phase_end_logs/20260307_135029_G11_auditor_review.log","tracked","clean_or_untracked","True","618","2026-03-07T05:50:30Z","7.42","phase_end_log","keep","Within locked retention window (30 days) for intentional historical logs."
"docs/context/phase_end_logs/auditor_findings_20260303_141757.json","tracked","clean_or_untracked","True","2045","2026-03-03T06:17:58Z","11.4","phase_end_log","keep","Within locked retention window (30 days) for intentional historical logs."
"docs/context/phase_end_logs/auditor_findings_20260303_152958.json","tracked","clean_or_untracked","True","529","2026-03-03T07:30:04Z","11.35","phase_end_log","keep","Within locked retention window (30 days) for intentional historical logs."
"docs/context/phase_end_logs/auditor_findings_20260303_153336.json","tracked","clean_or_untracked","True","529","2026-03-03T07:33:39Z","11.35","phase_end_log","keep","Within locked retention window (30 days) for intentional historical logs."
"docs/context/phase_end_logs/auditor_findings_20260303_194426.json","tracked","clean_or_untracked","True","529","2026-03-03T11:44:29Z","11.18","phase_end_log","keep","Within locked retention window (30 days) for intentional historical logs."
"docs/context/phase_end_logs/auditor_findings_20260304_000545.json","tracked","clean_or_untracked","True","529","2026-03-03T16:05:49Z","10.99","phase_end_log","keep","Within locked retention window (30 days) for intentional historical logs."
"docs/context/phase_end_logs/auditor_findings_20260304_123933.json","tracked","clean_or_untracked","True","529","2026-03-04T04:39:37Z","10.47","phase_end_log","keep","Within locked retention window (30 days) for intentional historical logs."
"docs/context/phase_end_logs/auditor_findings_20260304_124754.json","tracked","clean_or_untracked","True","3267","2026-03-04T04:47:56Z","10.47","phase_end_log","keep","Within locked retention window (30 days) for intentional historical logs."
"docs/context/phase_end_logs/auditor_findings_20260304_124918.json","tracked","clean_or_untracked","True","3267","2026-03-04T04:49:22Z","10.46","phase_end_log","keep","Within locked retention window (30 days) for intentional historical logs."
"docs/context/phase_end_logs/auditor_findings_20260304_134351.json","tracked","clean_or_untracked","True","3267","2026-03-04T05:43:59Z","10.43","phase_end_log","keep","Within locked retention window (30 days) for intentional historical logs."
"docs/context/phase_end_logs/auditor_findings_20260304_140348.json","tracked","clean_or_untracked","True","3267","2026-03-04T06:03:55Z","10.41","phase_end_log","keep","Within locked retention window (30 days) for intentional historical logs."
"docs/context/phase_end_logs/auditor_findings_20260306_165856.json","tracked","clean_or_untracked","True","3267","2026-03-06T08:58:58Z","8.29","phase_end_log","keep","Within locked retention window (30 days) for intentional historical logs."
"docs/context/phase_end_logs/auditor_findings_20260306_170114.json","tracked","clean_or_untracked","True","3267","2026-03-06T09:01:16Z","8.29","phase_end_log","keep","Within locked retention window (30 days) for intentional historical logs."
"docs/context/phase_end_logs/auditor_findings_20260306_170855.json","tracked","clean_or_untracked","True","3267","2026-03-06T09:08:58Z","8.28","phase_end_log","keep","Within locked retention window (30 days) for intentional historical logs."
"docs/context/phase_end_logs/auditor_findings_20260307_135029.json","tracked","clean_or_untracked","True","3267","2026-03-07T05:50:30Z","7.42","phase_end_log","keep","Within locked retention window (30 days) for intentional historical logs."
"docs/context/phase_end_logs/phase_end_handover_status_20260301_215712.json","tracked","clean_or_untracked","True","2664","2026-03-01T13:57:14Z","13.08","phase_end_log","keep","Within locked retention window (30 days) for intentional historical logs."
"docs/context/phase_end_logs/phase_end_handover_status_20260301_215752.json","tracked","clean_or_untracked","True","2664","2026-03-01T13:57:53Z","13.08","phase_end_log","keep","Within locked retention window (30 days) for intentional historical logs."
"docs/context/phase_end_logs/phase_end_handover_status_20260301_220518.json","tracked","clean_or_untracked","True","3040","2026-03-01T14:05:19Z","13.08","phase_end_log","keep","Within locked retention window (30 days) for intentional historical logs."
"docs/context/phase_end_logs/phase_end_handover_status_20260302_011624.json","tracked","clean_or_untracked","True","3176","2026-03-01T17:16:25Z","12.95","phase_end_log","keep","Within locked retention window (30 days) for intentional historical logs."
"docs/context/phase_end_logs/phase_end_handover_status_20260302_011715.json","tracked","clean_or_untracked","True","7734","2026-03-01T17:17:16Z","12.94","phase_end_log","keep","Within locked retention window (30 days) for intentional historical logs."
"docs/context/phase_end_logs/phase_end_handover_status_20260302_011840.json","tracked","clean_or_untracked","True","7734","2026-03-01T17:18:41Z","12.94","phase_end_log","keep","Within locked retention window (30 days) for intentional historical logs."
"docs/context/phase_end_logs/phase_end_handover_status_20260302_013111.json","tracked","clean_or_untracked","True","5699","2026-03-01T17:31:12Z","12.94","phase_end_log","keep","Within locked retention window (30 days) for intentional historical logs."
"docs/context/phase_end_logs/phase_end_handover_status_20260302_013238.json","tracked","clean_or_untracked","True","7734","2026-03-01T17:32:39Z","12.93","phase_end_log","keep","Within locked retention window (30 days) for intentional historical logs."
"docs/context/phase_end_logs/phase_end_handover_status_20260303_141757.json","tracked","clean_or_untracked","True","11113","2026-03-03T06:17:59Z","11.4","phase_end_log","keep","Within locked retention window (30 days) for intentional historical logs."
"docs/context/phase_end_logs/phase_end_handover_status_20260303_152958.json","tracked","clean_or_untracked","True","13640","2026-03-03T07:30:05Z","11.35","phase_end_log","keep","Within locked retention window (30 days) for intentional historical logs."
"docs/context/phase_end_logs/phase_end_handover_status_20260303_153336.json","tracked","clean_or_untracked","True","13640","2026-03-03T07:33:40Z","11.35","phase_end_log","keep","Within locked retention window (30 days) for intentional historical logs."
"docs/context/phase_end_logs/phase_end_handover_status_20260303_194426.json","tracked","clean_or_untracked","True","12859","2026-03-03T11:44:30Z","11.18","phase_end_log","keep","Within locked retention window (30 days) for intentional historical logs."
"docs/context/phase_end_logs/phase_end_handover_status_20260304_000545.json","tracked","clean_or_untracked","True","13640","2026-03-03T16:05:50Z","10.99","phase_end_log","keep","Within locked retention window (30 days) for intentional historical logs."
"docs/context/phase_end_logs/phase_end_handover_status_20260304_123933.json","tracked","clean_or_untracked","True","13640","2026-03-04T04:39:38Z","10.47","phase_end_log","keep","Within locked retention window (30 days) for intentional historical logs."
"docs/context/phase_end_logs/phase_end_handover_status_20260304_124754.json","tracked","clean_or_untracked","True","10214","2026-03-04T04:47:56Z","10.47","phase_end_log","keep","Within locked retention window (30 days) for intentional historical logs."
"docs/context/phase_end_logs/phase_end_handover_status_20260304_124918.json","tracked","clean_or_untracked","True","13640","2026-03-04T04:49:22Z","10.46","phase_end_log","keep","Within locked retention window (30 days) for intentional historical logs."
"docs/context/phase_end_logs/phase_end_handover_status_20260304_134351.json","tracked","clean_or_untracked","True","13640","2026-03-04T05:44:01Z","10.43","phase_end_log","keep","Within locked retention window (30 days) for intentional historical logs."
"docs/context/phase_end_logs/phase_end_handover_status_20260304_140348.json","tracked","clean_or_untracked","True","13640","2026-03-04T06:03:56Z","10.41","phase_end_log","keep","Within locked retention window (30 days) for intentional historical logs."
"docs/context/phase_end_logs/phase_end_handover_status_20260306_165856.json","tracked","clean_or_untracked","True","11113","2026-03-06T08:58:58Z","8.29","phase_end_log","keep","Within locked retention window (30 days) for intentional historical logs."
"docs/context/phase_end_logs/phase_end_handover_status_20260306_170114.json","tracked","clean_or_untracked","True","13640","2026-03-06T09:01:16Z","8.29","phase_end_log","keep","Within locked retention window (30 days) for intentional historical logs."
"docs/context/phase_end_logs/phase_end_handover_status_20260306_170855.json","tracked","clean_or_untracked","True","13640","2026-03-06T09:08:58Z","8.28","phase_end_log","keep","Within locked retention window (30 days) for intentional historical logs."
"docs/context/phase_end_logs/phase_end_handover_status_20260307_135029.json","tracked","clean_or_untracked","True","13640","2026-03-07T05:50:31Z","7.42","phase_end_log","keep","Within locked retention window (30 days) for intentional historical logs."
"docs/context/phase_end_logs/phase_end_handover_summary_20260301_215712.md","tracked","clean_or_untracked","True","738","2026-03-01T13:57:14Z","13.08","phase_end_log","keep","Within locked retention window (30 days) for intentional historical logs."
"docs/context/phase_end_logs/phase_end_handover_summary_20260301_215752.md","tracked","clean_or_untracked","True","738","2026-03-01T13:57:53Z","13.08","phase_end_log","keep","Within locked retention window (30 days) for intentional historical logs."
"docs/context/phase_end_logs/phase_end_handover_summary_20260301_220518.md","tracked","clean_or_untracked","True","1168","2026-03-01T14:05:19Z","13.08","phase_end_log","keep","Within locked retention window (30 days) for intentional historical logs."
"docs/context/phase_end_logs/phase_end_handover_summary_20260302_011624.md","tracked","clean_or_untracked","True","1573","2026-03-01T17:16:25Z","12.95","phase_end_log","keep","Within locked retention window (30 days) for intentional historical logs."
"docs/context/phase_end_logs/phase_end_handover_summary_20260302_011715.md","tracked","clean_or_untracked","True","2565","2026-03-01T17:17:16Z","12.94","phase_end_log","keep","Within locked retention window (30 days) for intentional historical logs."
"docs/context/phase_end_logs/phase_end_handover_summary_20260302_011840.md","tracked","clean_or_untracked","True","2565","2026-03-01T17:18:41Z","12.94","phase_end_log","keep","Within locked retention window (30 days) for intentional historical logs."
"docs/context/phase_end_logs/phase_end_handover_summary_20260302_013111.md","tracked","clean_or_untracked","True","2145","2026-03-01T17:31:12Z","12.94","phase_end_log","keep","Within locked retention window (30 days) for intentional historical logs."
"docs/context/phase_end_logs/phase_end_handover_summary_20260302_013238.md","tracked","clean_or_untracked","True","2565","2026-03-01T17:32:40Z","12.93","phase_end_log","keep","Within locked retention window (30 days) for intentional historical logs."
"docs/context/phase_end_logs/phase_end_handover_summary_20260303_141757.md","tracked","clean_or_untracked","True","2647","2026-03-03T06:17:59Z","11.4","phase_end_log","keep","Within locked retention window (30 days) for intentional historical logs."
"docs/context/phase_end_logs/phase_end_handover_summary_20260303_152958.md","tracked","clean_or_untracked","True","3067","2026-03-03T07:30:05Z","11.35","phase_end_log","keep","Within locked retention window (30 days) for intentional historical logs."
"docs/context/phase_end_logs/phase_end_handover_summary_20260303_153336.md","tracked","clean_or_untracked","True","3067","2026-03-03T07:33:40Z","11.35","phase_end_log","keep","Within locked retention window (30 days) for intentional historical logs."
"docs/context/phase_end_logs/phase_end_handover_summary_20260303_194426.md","tracked","clean_or_untracked","True","2864","2026-03-03T11:44:30Z","11.18","phase_end_log","keep","Within locked retention window (30 days) for intentional historical logs."
"docs/context/phase_end_logs/phase_end_handover_summary_20260304_000545.md","tracked","clean_or_untracked","True","3067","2026-03-03T16:05:50Z","10.99","phase_end_log","keep","Within locked retention window (30 days) for intentional historical logs."
"docs/context/phase_end_logs/phase_end_handover_summary_20260304_123933.md","tracked","clean_or_untracked","True","3067","2026-03-04T04:39:38Z","10.47","phase_end_log","keep","Within locked retention window (30 days) for intentional historical logs."
"docs/context/phase_end_logs/phase_end_handover_summary_20260304_124754.md","tracked","clean_or_untracked","True","2502","2026-03-04T04:47:56Z","10.47","phase_end_log","keep","Within locked retention window (30 days) for intentional historical logs."
"docs/context/phase_end_logs/phase_end_handover_summary_20260304_124918.md","tracked","clean_or_untracked","True","3067","2026-03-04T04:49:22Z","10.46","phase_end_log","keep","Within locked retention window (30 days) for intentional historical logs."
"docs/context/phase_end_logs/phase_end_handover_summary_20260304_134351.md","tracked","clean_or_untracked","True","3067","2026-03-04T05:44:01Z","10.43","phase_end_log","keep","Within locked retention window (30 days) for intentional historical logs."
"docs/context/phase_end_logs/phase_end_handover_summary_20260304_140348.md","tracked","clean_or_untracked","True","3067","2026-03-04T06:03:56Z","10.41","phase_end_log","keep","Within locked retention window (30 days) for intentional historical logs."
"docs/context/phase_end_logs/phase_end_handover_summary_20260306_165856.md","tracked","clean_or_untracked","True","2647","2026-03-06T08:58:58Z","8.29","phase_end_log","keep","Within locked retention window (30 days) for intentional historical logs."
"docs/context/phase_end_logs/phase_end_handover_summary_20260306_170114.md","tracked","clean_or_untracked","True","3067","2026-03-06T09:01:16Z","8.29","phase_end_log","keep","Within locked retention window (30 days) for intentional historical logs."
"docs/context/phase_end_logs/phase_end_handover_summary_20260306_170855.md","tracked","clean_or_untracked","True","3067","2026-03-06T09:08:58Z","8.28","phase_end_log","keep","Within locked retention window (30 days) for intentional historical logs."
"docs/context/phase_end_logs/phase_end_handover_summary_20260307_135029.md","tracked","clean_or_untracked","True","3067","2026-03-07T05:50:31Z","7.42","phase_end_log","keep","Within locked retention window (30 days) for intentional historical logs."
"docs/context/w11_status.md","untracked","clean_or_untracked","True","733","2026-03-11T11:47:43Z","3.17","context_generated_or_runtime","keep_review","Context runtime artifact; requires policy-specific decision before apply."
"docs/context/worker_status_aggregate.json","tracked","modified","True","242","2026-03-11T11:30:19Z","3.19","context_generated_or_runtime","keep_review","Context runtime artifact; requires policy-specific decision before apply."
"docs/decision log.md","tracked","modified","True","194447","2026-03-12T21:57:24Z","1.75","unknown","keep_review","Conservative default: requires explicit review before any apply."
"docs/decisions/phase5_architecture.md","untracked","clean_or_untracked","True","18205","2026-03-13T09:05:43Z","1.29","source_or_contract_candidate","keep_review","Likely source/contract content; not eligible for hygiene deletion in one-shot apply."
"docs/decisions/phase5_benchmark_policy_feedback.md","untracked","clean_or_untracked","True","25924","2026-03-12T03:35:09Z","2.52","source_or_contract_candidate","keep_review","Likely source/contract content; not eligible for hygiene deletion in one-shot apply."
"docs/decisions/phase5_extension_loading_policy.md","untracked","clean_or_untracked","True","16874","2026-03-12T03:20:51Z","2.53","source_or_contract_candidate","keep_review","Likely source/contract content; not eligible for hygiene deletion in one-shot apply."
"docs/decisions/phase5_governance_model.md","untracked","clean_or_untracked","True","14262","2026-03-11T15:49:54Z","3.01","source_or_contract_candidate","keep_review","Likely source/contract content; not eligible for hygiene deletion in one-shot apply."
"docs/handover/gemini/phase24_gemini_handover.md","tracked","modified","True","279365","2026-03-11T11:30:18Z","3.19","unknown","keep_review","Conservative default: requires explicit review before any apply."
"docs/handover/phase24c_handover.md","untracked","clean_or_untracked","True","14401","2026-03-11T11:19:07Z","3.19","unknown","keep_review","Conservative default: requires explicit review before any apply."
"docs/next_phase_plan.md","untracked","clean_or_untracked","True","13426","2026-03-13T10:38:38Z","1.22","unknown","keep_review","Conservative default: requires explicit review before any apply."
"docs/operator_reference.md","untracked","clean_or_untracked","True","3988","2026-03-13T16:48:18Z","0.97","unknown","keep_review","Conservative default: requires explicit review before any apply."
"docs/runbook_ops.md","tracked","modified","True","2492","2026-03-13T16:48:18Z","0.97","unknown","keep_review","Conservative default: requires explicit review before any apply."
"extension_allowlist.yaml","untracked","clean_or_untracked","True","414","2026-03-12T17:31:10Z","1.94","unknown","keep_review","Conservative default: requires explicit review before any apply."
"OPERATOR_LOOP_GUIDE.md","tracked","modified","True","2378","2026-03-13T04:35:25Z","1.47","unknown","keep_review","Conservative default: requires explicit review before any apply."
"pyproject.toml","tracked","modified","True","576","2026-03-12T22:27:36Z","1.73","unknown","keep_review","Conservative default: requires explicit review before any apply."
"README.md","tracked","modified","True","6813","2026-03-13T17:14:18Z","0.95","unknown","keep_review","Conservative default: requires explicit review before any apply."
"scripts/loop_cycle_artifacts.py","tracked","modified","True","20636","2026-03-13T05:26:59Z","1.44","source_or_contract_candidate","keep_review","Likely source/contract content; not eligible for hygiene deletion in one-shot apply."
"scripts/loop_cycle_runtime.py","tracked","modified","True","5559","2026-03-12T21:28:36Z","1.77","source_or_contract_candidate","keep_review","Likely source/contract content; not eligible for hygiene deletion in one-shot apply."
"scripts/measure_context_reduction.py","untracked","clean_or_untracked","True","7302","2026-03-12T16:37:43Z","1.97","source_or_contract_candidate","keep_review","Likely source/contract content; not eligible for hygiene deletion in one-shot apply."
"scripts/print_takeover_entrypoint.py","tracked","modified","True","48190","2026-03-13T05:35:14Z","1.43","source_or_contract_candidate","keep_review","Likely source/contract content; not eligible for hygiene deletion in one-shot apply."
"scripts/run_baseline_benchmark.py","untracked","clean_or_untracked","True","7661","2026-03-12T09:12:24Z","2.28","source_or_contract_candidate","keep_review","Likely source/contract content; not eligible for hygiene deletion in one-shot apply."
"scripts/run_fast_checks.py","tracked","modified","True","5431","2026-03-12T22:39:48Z","1.72","source_or_contract_candidate","keep_review","Likely source/contract content; not eligible for hygiene deletion in one-shot apply."
"scripts/test_policy_proposal.py","untracked","clean_or_untracked","True","3587","2026-03-12T06:03:22Z","2.41","source_or_contract_candidate","keep_review","Likely source/contract content; not eligible for hygiene deletion in one-shot apply."
"scripts/utils/path_validator.py","untracked","clean_or_untracked","True","2293","2026-03-12T16:47:15Z","1.97","source_or_contract_candidate","keep_review","Likely source/contract content; not eligible for hygiene deletion in one-shot apply."
"scripts/utils/skill_resolver.py","untracked","clean_or_untracked","True","6940","2026-03-12T21:25:54Z","1.77","source_or_contract_candidate","keep_review","Likely source/contract content; not eligible for hygiene deletion in one-shot apply."
"scripts/validate_baseline.py","untracked","clean_or_untracked","True","3075","2026-03-12T06:03:22Z","2.41","source_or_contract_candidate","keep_review","Likely source/contract content; not eligible for hygiene deletion in one-shot apply."
"scripts/validate_extension_allowlist.py","untracked","clean_or_untracked","True","12977","2026-03-12T18:02:50Z","1.91","source_or_contract_candidate","keep_review","Likely source/contract content; not eligible for hygiene deletion in one-shot apply."
"scripts/validate_routing_matrix.py","untracked","clean_or_untracked","True","8250","2026-03-12T16:27:37Z","1.98","source_or_contract_candidate","keep_review","Likely source/contract content; not eligible for hygiene deletion in one-shot apply."
"scripts/validate_skill_activation.py","untracked","clean_or_untracked","True","9776","2026-03-12T21:48:33Z","1.76","source_or_contract_candidate","keep_review","Likely source/contract content; not eligible for hygiene deletion in one-shot apply."
"scripts/validate_skill_manifest.py","untracked","clean_or_untracked","True","13679","2026-03-12T20:48:30Z","1.8","source_or_contract_candidate","keep_review","Likely source/contract content; not eligible for hygiene deletion in one-shot apply."
"scripts/validate_skill_registry.py","untracked","clean_or_untracked","True","7893","2026-03-12T17:33:56Z","1.93","source_or_contract_candidate","keep_review","Likely source/contract content; not eligible for hygiene deletion in one-shot apply."
"skills/registry.yaml","untracked","clean_or_untracked","True","587","2026-03-12T17:31:10Z","1.94","source_or_contract_candidate","keep_review","Likely source/contract content; not eligible for hygiene deletion in one-shot apply."
"skills/safe_db_migration/eval.yaml","untracked","clean_or_untracked","True","545","2026-03-12T18:03:02Z","1.91","source_or_contract_candidate","keep_review","Likely source/contract content; not eligible for hygiene deletion in one-shot apply."
"skills/safe_db_migration/examples/postgres_add_column.md","untracked","clean_or_untracked","True","7374","2026-03-12T17:33:02Z","1.93","source_or_contract_candidate","keep_review","Likely source/contract content; not eligible for hygiene deletion in one-shot apply."
"skills/safe_db_migration/guardrails.yaml","untracked","clean_or_untracked","True","2857","2026-03-12T17:32:29Z","1.93","source_or_contract_candidate","keep_review","Likely source/contract content; not eligible for hygiene deletion in one-shot apply."
"skills/safe_db_migration/README.md","untracked","clean_or_untracked","True","2699","2026-03-12T18:03:02Z","1.91","source_or_contract_candidate","keep_review","Likely source/contract content; not eligible for hygiene deletion in one-shot apply."
"skills/safe_db_migration/skill.yaml","untracked","clean_or_untracked","True","4254","2026-03-12T17:32:29Z","1.93","source_or_contract_candidate","keep_review","Likely source/contract content; not eligible for hygiene deletion in one-shot apply."
"skills/schemas/allowlist_schema.yaml","untracked","clean_or_untracked","True","2666","2026-03-12T17:30:55Z","1.94","source_or_contract_candidate","keep_review","Likely source/contract content; not eligible for hygiene deletion in one-shot apply."
"skills/schemas/eval_schema.yaml","untracked","clean_or_untracked","True","2348","2026-03-12T17:30:55Z","1.94","source_or_contract_candidate","keep_review","Likely source/contract content; not eligible for hygiene deletion in one-shot apply."
"skills/schemas/guardrails_schema.yaml","untracked","clean_or_untracked","True","3118","2026-03-12T17:30:55Z","1.94","source_or_contract_candidate","keep_review","Likely source/contract content; not eligible for hygiene deletion in one-shot apply."
"skills/schemas/project_config_schema.yaml","untracked","clean_or_untracked","True","1692","2026-03-12T17:30:55Z","1.94","source_or_contract_candidate","keep_review","Likely source/contract content; not eligible for hygiene deletion in one-shot apply."
"skills/schemas/registry_schema.yaml","untracked","clean_or_untracked","True","2389","2026-03-12T17:30:55Z","1.94","source_or_contract_candidate","keep_review","Likely source/contract content; not eligible for hygiene deletion in one-shot apply."
"skills/schemas/skill_schema.yaml","untracked","clean_or_untracked","True","2454","2026-03-12T17:30:55Z","1.94","source_or_contract_candidate","keep_review","Likely source/contract content; not eligible for hygiene deletion in one-shot apply."
"tests/test_loop_cycle_artifacts.py","tracked","modified","True","16208","2026-03-13T05:28:16Z","1.44","source_or_contract_candidate","keep_review","Likely source/contract content; not eligible for hygiene deletion in one-shot apply."
"tests/test_phase5_benchmark.py","untracked","clean_or_untracked","True","6633","2026-03-12T09:16:12Z","2.28","source_or_contract_candidate","keep_review","Likely source/contract content; not eligible for hygiene deletion in one-shot apply."
"tests/test_print_takeover_entrypoint.py","tracked","modified","True","54013","2026-03-13T05:35:14Z","1.43","source_or_contract_candidate","keep_review","Likely source/contract content; not eligible for hygiene deletion in one-shot apply."
"tests/test_run_fast_checks.py","tracked","modified","True","7420","2026-03-12T22:40:15Z","1.72","source_or_contract_candidate","keep_review","Likely source/contract content; not eligible for hygiene deletion in one-shot apply."
"tests/test_skill_activation.py","untracked","clean_or_untracked","True","11240","2026-03-12T21:30:49Z","1.77","source_or_contract_candidate","keep_review","Likely source/contract content; not eligible for hygiene deletion in one-shot apply."
"tests/test_skill_infrastructure.py","untracked","clean_or_untracked","True","24096","2026-03-12T20:49:09Z","1.8","source_or_contract_candidate","keep_review","Likely source/contract content; not eligible for hygiene deletion in one-shot apply."
"tests/test_subagent_routing.py","untracked","clean_or_untracked","True","20092","2026-03-12T16:47:35Z","1.97","source_or_contract_candidate","keep_review","Likely source/contract content; not eligible for hygiene deletion in one-shot apply."
